{
  "project_info": {
    "project_number": "672967755840",
    "firebase_url": "https://examenfinal-f1d72.firebaseio.com",
    "project_id": "examenfinal-f1d72",
    "storage_bucket": "examenfinal-f1d72.appspot.com"
  },
  "client": [
    {
      "client_info": {
        "mobilesdk_app_id": "1:672967755840:android:2a13f235c8cac58520f7a5",
        "android_client_info": {
          "package_name": "com.example.examen_final"
        }
      },
      "oauth_client": [
        {
          "client_id": "672967755840-vpjqti4vr6mnhsdi9v3vel5tfnlvo9p1.apps.googleusercontent.com",
          "client_type": 3
        }
      ],
      "api_key": [
        {
          "current_key": "AIzaSyAD-gtQ2YnxuiBVrTSLckFz2NqGWCAzoXI"
        }
      ],
      "services": {
        "appinvite_service": {
          "other_platform_oauth_client": [
            {
              "client_id": "672967755840-vpjqti4vr6mnhsdi9v3vel5tfnlvo9p1.apps.googleusercontent.com",
              "client_type": 3
            }
          ]
        }
      }
    }
  ],
  "configuration_version": "1"
}